{
  "forecast_years": [
    2025,
    2026,
    2027,
    2028,
    2029,
    2030
  ],
  "indicator_forecasts": {
    "Inflation": [
      2.246932,
      2.312351,
      2.377771,
      2.44319,
      2.50861,
      2.574029
    ],
    "Unemployment": [
      3.0625,
      2.824,
      2.5855,
      2.347,
      2.1085,
      1.87
    ],
    "Population_Growth": [
      0.804889,
      0.795907,
      0.786924,
      0.777942,
      0.768959,
      0.759977
    ],
    "Exports": [
      23.396349,
      24.609385,
      25.822421,
      27.035457,
      28.248494,
      29.46153
    ],
    "Imports": [
      21.576416,
      22.763498,
      23.95058,
      25.137662,
      26.324744,
      27.511825
    ],
    "FDI": [
      1.720548,
      1.702541,
      1.684533,
      1.666526,
      1.648519,
      1.630511
    ],
    "Exchange_Rate": [
      16173.759491,
      16492.070696,
      16810.381901,
      17128.693106,
      17447.00431,
      17765.315515
    ]
  },
  "arima_orders": {
    "Inflation": [
      0,
      1,
      1
    ],
    "Unemployment": [
      0,
      1,
      0
    ],
    "Population_Growth": [
      0,
      1,
      1
    ],
    "Exports": [
      0,
      1,
      1
    ],
    "Imports": [
      0,
      1,
      1
    ],
    "FDI": [
      0,
      1,
      0
    ],
    "Exchange_Rate": [
      0,
      1,
      0
    ]
  },
  "gdp_forecasts": {
    "Linear Regression": [
      2.9288,
      2.6199,
      2.311,
      2.0021,
      1.6931,
      1.3842
    ],
    "Ridge Regression": [
      3.6748,
      3.3169,
      2.9589,
      2.601,
      2.2431,
      1.8852
    ],
    "Decision Tree": [
      5.5988,
      5.5988,
      5.5988,
      5.5988,
      5.5988,
      5.5988
    ],
    "Random Forest": [
      5.229,
      5.3263,
      5.3343,
      5.3343,
      5.3343,
      5.3343
    ]
  },
  "best_model": "Random Forest",
  "gdp_historical": {
    "years": [
      1991,
      1992,
      1993,
      1994,
      1995,
      1996,
      1997,
      1998,
      1999,
      2000,
      2001,
      2002,
      2003,
      2004,
      2005,
      2006,
      2007,
      2008,
      2009,
      2010,
      2011,
      2012,
      2013,
      2014,
      2015,
      2016,
      2017,
      2018,
      2019,
      2020,
      2021,
      2022,
      2023,
      2024
    ],
    "values": [
      6.91198283591309,
      6.49750651682714,
      6.49640812045304,
      7.53997109551439,
      8.22000739903493,
      7.81818707670867,
      4.69987885390397,
      -13.1267254923818,
      0.79112608199847,
      4.9200677470169,
      3.64346644721492,
      4.49947539085764,
      4.78036912167654,
      5.03087394501685,
      5.69257130383384,
      5.50095178520348,
      6.34502222667214,
      6.01370360009123,
      4.62887118256153,
      6.22385418062366,
      6.16978420771008,
      6.03005065305615,
      5.5572636889101,
      5.006668425755,
      4.87632230022123,
      5.03306918280177,
      5.06978590134916,
      5.17429153955024,
      5.01928768046282,
      -2.06551182934165,
      3.70288562827751,
      5.30719722664799,
      5.04902331835997,
      5.03034469419038
    ]
  }
}