{
  "best_model": "Random Forest",
  "features": [
    "Inflation",
    "Unemployment",
    "Population_Growth",
    "Exports",
    "Imports",
    "FDI",
    "Exchange_Rate"
  ],
  "results": {
    "Linear Regression": {
      "cv_mae": 1.094,
      "cv_rmse": 1.094,
      "cv_r2": -0.4825,
      "test_mae": 2.2912,
      "test_rmse": 3.0205,
      "test_r2": -0.4825,
      "y_pred": [
        4.5471995446876825,
        4.420576008821437,
        4.4734372976092995,
        2.780908947640063,
        1.879019170786333,
        2.918386110160749,
        3.237753927932193
      ]
    },
    "Ridge Regression": {
      "cv_mae": 1.1537,
      "cv_rmse": 1.1537,
      "cv_r2": -0.4781,
      "test_mae": 1.8333,
      "test_rmse": 3.0161,
      "test_r2": -0.4781,
      "y_pred": [
        4.914117600362043,
        5.03468741280096,
        5.464319006175355,
        4.628679889628159,
        3.409307915541009,
        3.842407510809209,
        4.0326742526224475
      ]
    },
    "Decision Tree": {
      "cv_mae": 1.2338,
      "cv_rmse": 1.2338,
      "cv_r2": -0.4755,
      "test_mae": 1.7106,
      "test_rmse": 3.0134,
      "test_r2": -0.4755,
      "y_pred": [
        5.598821427277503,
        5.598821427277503,
        5.598821427277503,
        5.598821427277503,
        5.598821427277503,
        5.598821427277503,
        5.598821427277503
      ]
    },
    "Random Forest": {
      "cv_mae": 1.305,
      "cv_rmse": 1.305,
      "cv_r2": -0.2999,
      "test_mae": 1.3623,
      "test_rmse": 2.8284,
      "test_r2": -0.2999,
      "y_pred": [
        5.26953729698567,
        5.233010316394694,
        5.25123091122776,
        5.23129853281043,
        5.308173245091178,
        5.23129853281043,
        5.229006840181399
      ]
    }
  },
  "feature_importance": {
    "Inflation": 0.37980965636765146,
    "Exports": 0.2333445249681727,
    "Imports": 0.18304740842298242,
    "Exchange_Rate": 0.08774839989038502,
    "Population_Growth": 0.06134888023424126,
    "FDI": 0.044509147104807766,
    "Unemployment": 0.010191983011759442
  },
  "y_test": [
    5.17429153955024,
    5.01928768046282,
    -2.06551182934165,
    3.70288562827751,
    5.30719722664799,
    5.04902331835997,
    5.03034469419038
  ],
  "y_pred_best": [
    5.26953729698567,
    5.233010316394694,
    5.25123091122776,
    5.23129853281043,
    5.308173245091178,
    5.23129853281043,
    5.229006840181399
  ]
}