{
  "best_model": "Random Forest",
  "features": [
    "GDP_Per_Capita",
    "Population_Growth",
    "Exports_pct",
    "Imports_pct",
    "Life_Expectancy",
    "GDP_Growth_lag1",
    "GDP_Growth_lag2",
    "GDP_lag1"
  ],
  "results": {
    "Linear Regression": {
      "cv_r2": 0.1017,
      "cv_mae": 2.2961,
      "cv_rmse": 3.9342,
      "test_r2": -0.4328,
      "test_mae": 2.863,
      "test_rmse": 4.2029,
      "y_pred": [
        4.991935413036552,
        2.9401773978033727,
        1.680316004744764,
        6.3480769589118555,
        5.46288369802857,
        0.11656437211090775,
        3.0962225547468734,
        2.894817364046112,
        7.419093668453,
        6.948631336998125,
        6.187989039144198,
        6.269678032600414,
        7.302221883556445,
        6.662836207172182,
        6.897295055666503,
        6.802503959038356,
        5.004786125073389,
        4.952033709571456,
        4.301138190126451,
        4.655417984955172,
        5.107443276032642,
        4.677445696567471,
        4.617866422388717,
        4.594475714713777,
        6.347627407365708,
        6.293923902390824,
        6.2779128550097525,
        6.1271369894940655,
        6.19841879618162,
        6.477068634387376,
        6.565067264980392,
        6.4879084389402095,
        5.19114765634918,
        4.164652560620949,
        3.832536767514408,
        5.206914561828466,
        6.163335284600828,
        5.114398507930725,
        5.201977608855575,
        5.196044931331274,
        6.976276265194686,
        7.0270801567409436,
        5.9686288809593595,
        6.630473597465583,
        8.760233923558054,
        7.812683972808715,
        7.540856873473957,
        7.522044241023814,
        7.174604286194416,
        1.7079052679438647,
        0.5658418889186976,
        19.357882562955545,
        5.71700996407008,
        -7.263698933574908,
        3.098097739924242,
        -0.4944571165930043,
        5.9569607497689585,
        5.555545264430592,
        5.078295179922111,
        6.543874753273579,
        7.916222572347096,
        7.207836189736957,
        6.996448502395628,
        6.938214138372276,
        6.67524106006646,
        6.565374833775041,
        6.435198816771098,
        7.515852569009446,
        7.549692558613915,
        6.675451817949289,
        6.822165244111497,
        6.802348740039179
      ]
    },
    "Ridge Regression": {
      "cv_r2": 0.1068,
      "cv_mae": 2.2152,
      "cv_rmse": 3.9502,
      "test_r2": -0.2434,
      "test_mae": 2.6178,
      "test_rmse": 3.9153,
      "y_pred": [
        3.973011116446118,
        2.672855023112815,
        2.1080046102176926,
        5.296910458519047,
        4.495995197901806,
        0.8614844756247741,
        2.931709938074796,
        2.893568072491579,
        7.189746736337986,
        6.842118724970198,
        6.267748236847064,
        6.106632161520137,
        7.061936821768436,
        6.597907139902745,
        6.819751726166771,
        6.7908945664944715,
        4.89196471583354,
        4.8073944579118,
        4.417248128248262,
        4.54108629056072,
        4.9234017572738065,
        4.608516735907895,
        4.566042331323717,
        4.550196013583733,
        6.119149645756806,
        6.052081535207003,
        6.004418912617135,
        5.766117484157403,
        5.8838497926999915,
        6.067076520117054,
        6.16059557027484,
        6.119275464036002,
        4.9351028258805885,
        4.164420998362788,
        3.9889363808196463,
        4.809013345815498,
        5.784616319751935,
        5.11481579446592,
        4.971428706753725,
        5.039727244607263,
        6.521600434363878,
        6.516535250470728,
        5.695409727437326,
        5.864023518842516,
        7.907119098487461,
        7.2044560645357185,
        6.914476548508114,
        6.913736740502632,
        5.857363849587308,
        1.9021272630245463,
        1.6709435118462252,
        14.833922322371013,
        3.523006995577198,
        -5.900905419327579,
        1.7552871355297697,
        -0.5850559941527251,
        5.785402856485219,
        5.443285666280145,
        5.0060071001943,
        5.88200800330312,
        7.381757952688251,
        6.819218027515278,
        6.6905604421310585,
        6.671627970776472,
        6.723610860687728,
        6.68944829755146,
        6.541178098907208,
        7.377757407175611,
        7.36632174007153,
        6.846874510800085,
        6.872330989604061,
        6.942206421210225
      ]
    },
    "Decision Tree": {
      "cv_r2": 0.0624,
      "cv_mae": 2.4355,
      "cv_rmse": 4.0706,
      "test_r2": -0.0459,
      "test_mae": 2.3859,
      "test_rmse": 3.5909,
      "y_pred": [
        2.3927749262468327,
        4.658480662993531,
        4.658480662993531,
        4.658480662993531,
        4.658480662993531,
        4.658480662993531,
        4.658480662993531,
        4.658480662993531,
        7.691405288237054,
        7.691405288237054,
        7.691405288237054,
        4.658480662993531,
        4.658480662993531,
        6.103833885347605,
        6.103833885347605,
        6.103833885347605,
        4.99282864635923,
        4.99282864635923,
        4.99282864635923,
        2.3927749262468327,
        2.3927749262468327,
        4.99282864635923,
        4.99282864635923,
        4.99282864635923,
        6.103833885347605,
        6.103833885347605,
        6.103833885347605,
        2.3927749262468327,
        2.3927749262468327,
        2.3927749262468327,
        2.3927749262468327,
        2.3927749262468327,
        4.99282864635923,
        4.658480662993531,
        4.658480662993531,
        4.658480662993531,
        4.658480662993531,
        4.99282864635923,
        4.658480662993531,
        4.99282864635923,
        -1.7455560136983834,
        4.99282864635923,
        -1.7455560136983834,
        2.3927749262468327,
        4.99282864635923,
        4.99282864635923,
        4.99282864635923,
        4.99282864635923,
        4.658480662993531,
        4.658480662993531,
        4.658480662993531,
        4.658480662993531,
        6.2723394887832695,
        4.658480662993531,
        4.658480662993531,
        4.658480662993531,
        4.658480662993531,
        4.658480662993531,
        4.658480662993531,
        4.658480662993531,
        4.658480662993531,
        4.658480662993531,
        4.658480662993531,
        4.658480662993531,
        6.103833885347605,
        4.99282864635923,
        4.99282864635923,
        4.658480662993531,
        4.658480662993531,
        4.99282864635923,
        4.99282864635923,
        4.99282864635923
      ]
    },
    "Random Forest": {
      "cv_r2": -0.1346,
      "cv_mae": 2.3858,
      "cv_rmse": 4.406,
      "test_r2": -0.0274,
      "test_mae": 2.1798,
      "test_rmse": 3.559,